,Frequency,Amplitude,Phase
0,0.5,2.2517957736717986,180
1,1.5,1.5993919565160986,0
2,3.0,0.8966544998162652,0
